reviewer_path,model,model_id,outcome,analysis_corpus,target_tasks,low_population,random_sample_n,random_positive,high_census_n,high_positive,estimated_tasks,estimated_rate,ci_low,ci_high
A/consensus,GLM-5.2,aliyun/glm-5.2,strict,new_1500_excluding_retained_500,1500,1496,155,32,4,4,312.8516129032258,0.20856774193548389,0.15133333333333332,0.27666666666666667
A/consensus,GLM-5.2,aliyun/glm-5.2,substantive,new_1500_excluding_retained_500,1500,1496,155,6,4,3,60.909677419354836,0.04060645161290322,0.017333333333333333,0.08133333333333333
A/consensus,GLM-5.2,aliyun/glm-5.2,severity_ge3,new_1500_excluding_retained_500,1500,1496,155,0,4,1,1.0,0.0006666666666666666,0.0006666666666666666,0.02266666666666667
A/consensus,DeepSeek V4 Pro,aliyun/deepseek-v4-pro,strict,new_1500_excluding_retained_500,1500,1473,142,79,27,19,838.4859154929577,0.5589906103286385,0.47933333333333333,0.6366666666666667
A/consensus,DeepSeek V4 Pro,aliyun/deepseek-v4-pro,substantive,new_1500_excluding_retained_500,1500,1473,142,33,27,7,349.3169014084507,0.23287793427230047,0.17066666666666666,0.30533333333333335
A/consensus,DeepSeek V4 Pro,aliyun/deepseek-v4-pro,severity_ge3,new_1500_excluding_retained_500,1500,1473,142,0,27,0,0.0,0.0,0.0,0.023333333333333334
A/consensus,DeepSeek V4 Flash,aliyun/deepseek-v4-flash,strict,new_1500_excluding_retained_500,1500,1462,141,66,38,27,711.3404255319149,0.47422695035460993,0.396,0.5533333333333333
A/consensus,DeepSeek V4 Flash,aliyun/deepseek-v4-flash,substantive,new_1500_excluding_retained_500,1500,1462,141,39,38,22,426.3829787234043,0.2842553191489362,0.218,0.35933333333333334
A/consensus,DeepSeek V4 Flash,aliyun/deepseek-v4-flash,severity_ge3,new_1500_excluding_retained_500,1500,1462,141,1,38,5,15.368794326241135,0.010245862884160756,0.004,0.03933333333333333
A/consensus,Qwen 3.7 Max,aliyun/qwen3.7-max,strict,new_1500_excluding_retained_500,1500,1491,153,51,9,5,502.0,0.33466666666666667,0.2653333333333333,0.4106666666666667
A/consensus,Qwen 3.7 Max,aliyun/qwen3.7-max,substantive,new_1500_excluding_retained_500,1500,1491,153,14,9,4,140.4313725490196,0.09362091503267975,0.05533333333333333,0.14733333333333334
A/consensus,Qwen 3.7 Max,aliyun/qwen3.7-max,severity_ge3,new_1500_excluding_retained_500,1500,1491,153,0,9,2,2.0,0.0013333333333333333,0.0013333333333333333,0.023333333333333334
A/consensus,Kimi K2.6,aliyun/kimi-k2.6,strict,new_1500_excluding_retained_500,1500,1481,155,51,19,14,501.2967741935484,0.3341978494623656,0.266,0.4086666666666667
A/consensus,Kimi K2.6,aliyun/kimi-k2.6,substantive,new_1500_excluding_retained_500,1500,1481,155,22,19,12,222.20645161290324,0.14813763440860217,0.10066666666666667,0.20866666666666667
A/consensus,Kimi K2.6,aliyun/kimi-k2.6,severity_ge3,new_1500_excluding_retained_500,1500,1481,155,1,19,2,11.55483870967742,0.007703225806451613,0.002,0.034666666666666665
A/consensus,Qwen 3.8 Max,aliyun/qwen3.8-max,strict,new_1500_excluding_retained_500,1500,1494,148,27,6,3,275.55405405405406,0.1837027027027027,0.128,0.25133333333333335
A/consensus,Qwen 3.8 Max,aliyun/qwen3.8-max,substantive,new_1500_excluding_retained_500,1500,1494,148,2,6,1,21.18918918918919,0.014126126126126126,0.0026666666666666666,0.04666666666666667
A/consensus,Qwen 3.8 Max,aliyun/qwen3.8-max,severity_ge3,new_1500_excluding_retained_500,1500,1494,148,0,6,0,0.0,0.0,0.0,0.02266666666666667
B/consensus,GLM-5.2,aliyun/glm-5.2,strict,new_1500_excluding_retained_500,1500,1496,155,38,4,4,370.76129032258063,0.2471741935483871,0.18533333333333332,0.318
B/consensus,GLM-5.2,aliyun/glm-5.2,substantive,new_1500_excluding_retained_500,1500,1496,155,14,4,3,138.1225806451613,0.09208172043010752,0.054,0.14533333333333334
B/consensus,GLM-5.2,aliyun/glm-5.2,severity_ge3,new_1500_excluding_retained_500,1500,1496,155,0,4,1,1.0,0.0006666666666666666,0.0006666666666666666,0.02266666666666667
B/consensus,DeepSeek V4 Pro,aliyun/deepseek-v4-pro,strict,new_1500_excluding_retained_500,1500,1473,142,74,27,19,786.6197183098592,0.5244131455399061,0.44466666666666665,0.6033333333333334
B/consensus,DeepSeek V4 Pro,aliyun/deepseek-v4-pro,substantive,new_1500_excluding_retained_500,1500,1473,142,34,27,7,359.6901408450704,0.23979342723004693,0.17666666666666667,0.31333333333333335
B/consensus,DeepSeek V4 Pro,aliyun/deepseek-v4-pro,severity_ge3,new_1500_excluding_retained_500,1500,1473,142,0,27,0,0.0,0.0,0.0,0.023333333333333334
B/consensus,DeepSeek V4 Flash,aliyun/deepseek-v4-flash,strict,new_1500_excluding_retained_500,1500,1462,141,70,38,27,752.8156028368794,0.5018770685579196,0.42333333333333334,0.5806666666666667
B/consensus,DeepSeek V4 Flash,aliyun/deepseek-v4-flash,substantive,new_1500_excluding_retained_500,1500,1462,141,42,38,22,457.48936170212767,0.30499290780141847,0.23666666666666666,0.38133333333333336
B/consensus,DeepSeek V4 Flash,aliyun/deepseek-v4-flash,severity_ge3,new_1500_excluding_retained_500,1500,1462,141,1,38,5,15.368794326241135,0.010245862884160756,0.004,0.03933333333333333
B/consensus,Qwen 3.7 Max,aliyun/qwen3.7-max,strict,new_1500_excluding_retained_500,1500,1491,153,50,9,5,492.2549019607843,0.32816993464052285,0.25866666666666666,0.404
B/consensus,Qwen 3.7 Max,aliyun/qwen3.7-max,substantive,new_1500_excluding_retained_500,1500,1491,153,11,9,4,111.19607843137256,0.07413071895424837,0.04066666666666666,0.124
B/consensus,Qwen 3.7 Max,aliyun/qwen3.7-max,severity_ge3,new_1500_excluding_retained_500,1500,1491,153,0,9,2,2.0,0.0013333333333333333,0.0013333333333333333,0.023333333333333334
B/consensus,Kimi K2.6,aliyun/kimi-k2.6,strict,new_1500_excluding_retained_500,1500,1481,155,49,19,14,482.18709677419355,0.321458064516129,0.254,0.3953333333333333
B/consensus,Kimi K2.6,aliyun/kimi-k2.6,substantive,new_1500_excluding_retained_500,1500,1481,155,23,19,12,231.76129032258063,0.15450752688172043,0.106,0.216
B/consensus,Kimi K2.6,aliyun/kimi-k2.6,severity_ge3,new_1500_excluding_retained_500,1500,1481,155,1,19,2,11.55483870967742,0.007703225806451613,0.002,0.034666666666666665
B/consensus,Qwen 3.8 Max,aliyun/qwen3.8-max,strict,new_1500_excluding_retained_500,1500,1494,148,31,6,3,315.93243243243245,0.21062162162162162,0.15133333333333332,0.2806666666666667
B/consensus,Qwen 3.8 Max,aliyun/qwen3.8-max,substantive,new_1500_excluding_retained_500,1500,1494,148,2,6,1,21.18918918918919,0.014126126126126126,0.0026666666666666666,0.04666666666666667
B/consensus,Qwen 3.8 Max,aliyun/qwen3.8-max,severity_ge3,new_1500_excluding_retained_500,1500,1494,148,0,6,0,0.0,0.0,0.0,0.02266666666666667
